airfoil,alpha,Cl,Cd
SC1095,-15.000000,-1.352600,0.038590
SC1095,-14.750000,-1.361900,0.035300
SC1095,-14.500000,-1.368300,0.032920
SC1095,-14.250000,-1.367100,0.031130
SC1095,-14.000000,-1.358900,0.029430
SC1095,-13.750000,-1.346700,0.028000
SC1095,-13.500000,-1.332200,0.026680
SC1095,-13.250000,-1.315900,0.025480
SC1095,-13.000000,-1.298100,0.024380
SC1095,-12.750000,-1.279000,0.023370
SC1095,-12.500000,-1.258800,0.022440
SC1095,-12.250000,-1.237700,0.021570
SC1095,-12.000000,-1.215800,0.020780
SC1095,-11.750000,-1.193100,0.020040
SC1095,-11.500000,-1.172400,0.018920
SC1095,-11.250000,-1.151600,0.017710
SC1095,-11.000000,-1.129300,0.016690
SC1095,-10.750000,-1.105700,0.015840
SC1095,-10.500000,-1.081400,0.015090
SC1095,-10.250000,-1.056400,0.014420
SC1095,-10.000000,-1.030800,0.013810
SC1095,-9.750000,-1.004900,0.013250
SC1095,-9.500000,-0.978700,0.012730
SC1095,-9.250000,-0.952100,0.012260
SC1095,-9.000000,-0.925200,0.011810
SC1095,-8.750000,-0.898100,0.011400
SC1095,-8.500000,-0.870800,0.011020
SC1095,-8.250000,-0.843300,0.010650
SC1095,-8.000000,-0.815600,0.010300
SC1095,-7.750000,-0.787800,0.009980
SC1095,-7.500000,-0.759900,0.009670
SC1095,-7.250000,-0.731900,0.009390
SC1095,-7.000000,-0.702800,0.009120
SC1095,-6.500000,-0.641800,0.008210
SC1095,-6.250000,-0.612800,0.007980
SC1095,-6.000000,-0.586900,0.007770
SC1095,-5.750000,-0.560700,0.007630
SC1095,-5.500000,-0.534600,0.007420
SC1095,-5.250000,-0.508500,0.007190
SC1095,-5.000000,-0.482700,0.007000
SC1095,-4.750000,-0.456600,0.006850
SC1095,-4.500000,-0.429300,0.006770
SC1095,-4.250000,-0.401200,0.006660
SC1095,-4.000000,-0.373000,0.006560
SC1095,-3.750000,-0.344700,0.006500
SC1095,-3.250000,-0.287600,0.006330
SC1095,-3.000000,-0.258900,0.006280
SC1095,-2.750000,-0.230200,0.006240
SC1095,-2.500000,-0.201500,0.006170
SC1095,-2.250000,-0.172800,0.006150
SC1095,-2.000000,-0.144100,0.006130
SC1095,-1.750000,-0.115300,0.006110
SC1095,-1.500000,-0.086600,0.006060
SC1095,-1.250000,-0.057800,0.006020
SC1095,-1.000000,-0.029000,0.005980
SC1095,-0.750000,-0.000300,0.005950
SC1095,-0.500000,0.028300,0.005950
SC1095,-0.250000,0.057000,0.005920
SC1095,-0.000000,0.085500,0.005880
SC1095,0.250000,0.114100,0.005800
SC1095,0.500000,0.142800,0.005720
SC1095,0.750000,0.171600,0.005660
SC1095,1.000000,0.200300,0.005640
SC1095,1.250000,0.229100,0.005640
SC1095,1.500000,0.257800,0.005660
SC1095,1.750000,0.286400,0.005720
SC1095,2.000000,0.314800,0.005800
SC1095,2.250000,0.342600,0.005870
SC1095,2.500000,0.370100,0.005970
SC1095,2.750000,0.397200,0.006070
SC1095,3.250000,0.449900,0.006270
SC1095,3.500000,0.476300,0.006400
SC1095,3.750000,0.501800,0.006480
SC1095,4.000000,0.527500,0.006580
SC1095,4.250000,0.555300,0.006670
SC1095,4.750000,0.618500,0.006930
SC1095,5.000000,0.647200,0.007110
SC1095,5.250000,0.676100,0.007240
SC1095,5.500000,0.704800,0.007400
SC1095,5.750000,0.733400,0.007600
SC1095,6.000000,0.762000,0.007750
SC1095,6.250000,0.790700,0.007880
SC1095,6.500000,0.819100,0.008050
SC1095,6.750000,0.847300,0.008270
SC1095,7.000000,0.875500,0.008450
SC1095,7.250000,0.903900,0.008590
SC1095,7.500000,0.931900,0.008770
SC1095,7.750000,0.959700,0.009010
SC1095,8.000000,0.987500,0.009220
SC1095,8.250000,1.015200,0.009420
SC1095,8.500000,1.042300,0.009740
SC1095,8.750000,1.068700,0.010150
SC1095,9.000000,1.091000,0.011310
SC1095,9.250000,1.116600,0.011840
SC1095,9.500000,1.142500,0.012290
SC1095,9.750000,1.168700,0.012640
SC1095,10.000000,1.194700,0.013030
SC1095,10.250000,1.220300,0.013450
SC1095,10.500000,1.245400,0.013930
SC1095,10.750000,1.269700,0.014510
SC1095,11.000000,1.293700,0.015120
SC1095,11.250000,1.318300,0.015580
SC1095,11.500000,1.342400,0.016080
SC1095,11.750000,1.366100,0.016620
SC1095,12.000000,1.389300,0.017200
SC1095,12.250000,1.411900,0.017810
SC1095,12.500000,1.433900,0.018470
SC1095,12.750000,1.455400,0.019150
SC1095,13.000000,1.476100,0.019880
SC1095,13.250000,1.496000,0.020650
SC1095,13.500000,1.515000,0.021450
SC1095,13.750000,1.533000,0.022310
SC1095,14.000000,1.549700,0.023220
SC1095,14.250000,1.565000,0.024190
SC1095,14.500000,1.578800,0.025210
SC1095,14.750000,1.589700,0.026310
SC1095,15.000000,1.593500,0.027550
SC1095,15.250000,1.594700,0.029070
SC1095,15.500000,1.593400,0.030970
SC1095,15.750000,1.589300,0.033380
SC1095,16.000000,1.582000,0.036450
SC1095,16.250000,1.571500,0.040390
SC1095,16.500000,1.556100,0.045610
SC1095,16.750000,1.536200,0.052430
SC1095,17.000000,1.508200,0.061630
SC1095,17.250000,1.466800,0.073720
SC1095,17.500000,1.401200,0.089710
SC1095,17.750000,1.277000,0.116370
SC1095,18.000000,1.197400,0.136210
SC1095,18.250000,1.161000,0.148170
SC1095,18.500000,1.138000,0.157770
SC1095,18.750000,1.128100,0.164530
SC1095,19.000000,1.115500,0.172070
SC1095,19.250000,1.110700,0.177850
SC1095,19.500000,1.108700,0.183030
SC1095,19.750000,1.106900,0.188240
SC1095,20.000000,1.101900,0.194530
SC1095,20.250000,1.103200,0.199030
SC1095,20.500000,1.105000,0.203370
SC1095,20.750000,1.106800,0.207760
SC1095,21.000000,1.106200,0.213010
SC1095,21.250000,1.106700,0.218010
SC1095,21.500000,1.110000,0.222120
SC1095,21.750000,1.113800,0.226120
SC1095,22.000000,1.117200,0.230260
SC1095,22.250000,1.120100,0.234650
SC1095,22.500000,1.119900,0.240260
SC1095,22.750000,1.122900,0.244710
SC1095,23.000000,1.124700,0.249700
SC1095,23.250000,1.087200,0.275260
SC1094R8,-11.000000,-1.000400,0.024520
SC1094R8,-10.750000,-0.979300,0.023240
SC1094R8,-10.500000,-0.956800,0.022190
SC1094R8,-10.250000,-0.933000,0.021350
SC1094R8,-10.000000,-0.908900,0.020530
SC1094R8,-9.750000,-0.884200,0.019760
SC1094R8,-9.500000,-0.859600,0.018890
SC1094R8,-9.250000,-0.834600,0.018030
SC1094R8,-9.000000,-0.809200,0.017250
SC1094R8,-8.750000,-0.783600,0.016420
SC1094R8,-8.500000,-0.757700,0.015630
SC1094R8,-8.250000,-0.731600,0.014880
SC1094R8,-8.000000,-0.704600,0.014190
SC1094R8,-7.750000,-0.673700,0.013440
SC1094R8,-7.500000,-0.644300,0.012800
SC1094R8,-7.250000,-0.616200,0.012230
SC1094R8,-7.000000,-0.591300,0.011720
SC1094R8,-6.750000,-0.566300,0.011270
SC1094R8,-6.500000,-0.542200,0.010840
SC1094R8,-6.250000,-0.517400,0.010410
SC1094R8,-6.000000,-0.492200,0.010050
SC1094R8,-5.750000,-0.465400,0.009680
SC1094R8,-5.500000,-0.438200,0.009350
SC1094R8,-5.250000,-0.410900,0.009070
SC1094R8,-5.000000,-0.383100,0.008830
SC1094R8,-4.500000,-0.327600,0.008130
SC1094R8,-4.250000,-0.299500,0.007850
SC1094R8,-4.000000,-0.271000,0.007700
SC1094R8,-3.750000,-0.242600,0.007590
SC1094R8,-3.500000,-0.214100,0.007490
SC1094R8,-3.250000,-0.185500,0.007430
SC1094R8,-3.000000,-0.156800,0.007380
SC1094R8,-2.750000,-0.128000,0.007350
SC1094R8,-2.500000,-0.099200,0.007230
SC1094R8,-2.250000,-0.070500,0.007250
SC1094R8,-2.000000,-0.041700,0.007320
SC1094R8,-1.750000,-0.012900,0.007420
SC1094R8,-1.500000,0.015900,0.007470
SC1094R8,-1.250000,0.044700,0.007570
SC1094R8,-1.000000,0.073600,0.007640
SC1094R8,-0.750000,0.102500,0.007660
SC1094R8,-0.500000,0.131500,0.007710
SC1094R8,-0.250000,0.160400,0.007740
SC1094R8,-0.000000,0.189400,0.007710
SC1094R8,0.250000,0.218300,0.007660
SC1094R8,0.500000,0.247200,0.007610
SC1094R8,0.750000,0.276000,0.007470
SC1094R8,1.000000,0.304300,0.006680
SC1094R8,1.250000,0.332600,0.006400
SC1094R8,1.500000,0.360800,0.006280
SC1094R8,1.750000,0.388400,0.006220
SC1094R8,2.000000,0.415500,0.006250
SC1094R8,2.250000,0.441000,0.006280
SC1094R8,2.500000,0.464700,0.006380
SC1094R8,2.750000,0.489000,0.006430
SC1094R8,3.000000,0.514400,0.006510
SC1094R8,3.250000,0.545500,0.006600
SC1094R8,3.500000,0.577900,0.006740
SC1094R8,3.750000,0.608000,0.006860
SC1094R8,4.000000,0.637100,0.006980
SC1094R8,4.250000,0.665900,0.007150
SC1094R8,4.500000,0.694900,0.007280
SC1094R8,4.750000,0.723800,0.007400
SC1094R8,5.000000,0.752600,0.007540
SC1094R8,5.250000,0.781300,0.007720
SC1094R8,5.500000,0.809800,0.007910
SC1094R8,5.750000,0.838500,0.008020
SC1094R8,6.000000,0.867100,0.008150
SC1094R8,6.250000,0.895600,0.008300
SC1094R8,6.500000,0.923900,0.008460
SC1094R8,6.750000,0.952000,0.008650
SC1094R8,7.000000,0.980000,0.008860
SC1094R8,7.250000,1.007800,0.009090
SC1094R8,7.500000,1.035900,0.009240
SC1094R8,7.750000,1.063900,0.009390
SC1094R8,8.000000,1.091800,0.009550
SC1094R8,8.250000,1.119600,0.009720
SC1094R8,8.500000,1.147200,0.009900
SC1094R8,8.750000,1.174700,0.010100
SC1094R8,9.000000,1.202000,0.010320
SC1094R8,9.250000,1.229000,0.010560
SC1094R8,9.500000,1.255800,0.010840
SC1094R8,9.750000,1.282100,0.011170
SC1094R8,10.000000,1.308700,0.011420
SC1094R8,10.250000,1.335600,0.011620
SC1094R8,10.500000,1.362400,0.011820
SC1094R8,10.750000,1.389100,0.012010
SC1094R8,11.000000,1.415600,0.012230
SC1094R8,11.250000,1.441900,0.012460
SC1094R8,11.500000,1.468000,0.012700
SC1094R8,11.750000,1.493900,0.012950
SC1094R8,12.000000,1.519400,0.013230
SC1094R8,12.250000,1.544600,0.013550
SC1094R8,12.500000,1.568900,0.013940
SC1094R8,12.750000,1.592600,0.014390
SC1094R8,13.000000,1.618000,0.014610
SC1094R8,13.250000,1.643000,0.014860
SC1094R8,13.500000,1.667900,0.015100
SC1094R8,13.750000,1.692400,0.015370
SC1094R8,14.000000,1.716600,0.015660
SC1094R8,14.250000,1.740200,0.015990
SC1094R8,14.500000,1.763200,0.016360
SC1094R8,14.750000,1.785300,0.016790
SC1094R8,15.000000,1.806200,0.017320
SC1094R8,15.250000,1.828400,0.017670
SC1094R8,15.500000,1.850700,0.018000
SC1094R8,15.750000,1.871900,0.018390
SC1094R8,16.000000,1.891700,0.018870
SC1094R8,16.250000,1.909200,0.019500
SC1094R8,16.500000,1.926800,0.020070
SC1094R8,16.750000,1.942400,0.020680
SC1094R8,17.000000,1.949900,0.021590
SC1094R8,17.250000,1.958100,0.022490
SC1094R8,17.500000,1.959600,0.023900
SC1094R8,17.750000,1.961400,0.025410
SC1094R8,18.000000,1.960600,0.027240
SC1094R8,18.250000,1.961100,0.029130
SC1094R8,18.500000,1.958100,0.031480
SC1094R8,18.750000,1.957500,0.033800
SC1094R8,19.000000,1.955700,0.036370
SC1094R8,19.250000,1.950700,0.039510
SC1094R8,19.500000,1.941500,0.043350
SC1094R8,19.750000,1.927700,0.048020
SC1094R8,20.000000,1.909300,0.053650
SC1094R8,20.500000,1.855800,0.068210
SC1094R8,21.000000,1.758700,0.090460
SC1094R8,21.250000,1.693700,0.104600
SC1094R8,21.500000,1.619600,0.120740
SC1094R8,21.750000,1.531200,0.140320
SC1094R8,22.000000,1.451100,0.159680
SC1094R8,22.250000,1.390900,0.176380
SC1094R8,22.500000,1.359400,0.187620
SC1094R8,22.750000,1.344000,0.195320
SC1094R8,23.000000,1.323200,0.204680
SC1094R8,23.250000,1.303500,0.214160
SC1094R8,23.500000,1.300500,0.219360
SC1094R8,23.750000,1.300400,0.223860
SC1094R8,24.000000,1.293700,0.230260
SC1094R8,24.250000,1.294500,0.234550
SC1094R8,24.500000,1.294200,0.239220
SC1094R8,24.750000,1.293400,0.244070
SC1094R8,25.000000,1.292300,0.249010
SC1094R8,25.250000,1.295900,0.252460
SC1094R8,25.500000,1.298900,0.256070
SC1094R8,25.750000,1.300900,0.260030
SC1094R8,26.000000,1.299200,0.265270
SC1094R8,26.250000,1.302500,0.268830
SC1094R8,26.500000,1.306700,0.272080
SC1094R8,26.750000,1.310500,0.275440
SC1094R8,27.000000,1.313100,0.279280
SC1094R8,27.250000,1.314600,0.283480
SC1094R8,27.500000,1.316500,0.287590
SC1094R8,27.750000,1.320000,0.291050
SC1094R8,28.000000,1.322800,0.294810
SC1094R8,28.250000,1.326400,0.298260
SC1094R8,28.500000,1.325900,0.303400
SC1094R8,28.750000,1.328300,0.307340
SC1094R8,29.000000,1.331800,0.310790
SC1094R8,29.250000,1.330200,0.316690
SC1094R8,29.500000,1.333500,0.320300
SC1094R8,29.750000,1.335800,0.324390
SC1094R8,30.000000,1.337500,0.328860
SC1094R8,30.250000,1.340600,0.332520
SC1094R8,30.500000,1.343900,0.336140
SC1094R8,30.750000,1.346900,0.339810
SC1094R8,31.000000,1.350500,0.343260
SC1094R8,31.250000,1.354200,0.346470
SC1094R8,31.500000,1.358400,0.349480
SC1094R8,31.750000,1.362100,0.352670
SC1094R8,32.000000,1.365600,0.355990
SC1094R8,32.250000,1.369000,0.359320
SC1094R8,32.500000,1.372700,0.362340
SC1094R8,32.750000,1.376800,0.365120
SC1094R8,33.000000,1.381100,0.367670
SC1094R8,33.250000,1.385600,0.369960
SC1094R8,33.500000,1.389600,0.372540
SC1094R8,33.750000,1.392800,0.375740
SC1094R8,34.000000,1.394600,0.380110
SC1094R8,34.250000,1.397100,0.383890
SC1094R8,35.000000,0.812800,0.404750
